id,name,email,phone,city,state
1,Alvie Lazar,alazar0@archive.org,9093866291,Al Bāriqīyah,
2,Phyllys Echallie,pechallie1@flavors.me,7254321591,Acopampa,
3,Chane Dermot,cdermot2@twitpic.com,6692349460,Keboncau,
4,Prue Ferrone,pferrone3@twitter.com,9805722876,Château-Richer,Québec
5,Terencio Gerry,tgerry4@drupal.org,1364637845,Ostankinskiy,
6,Fan Anthona,fanthona5@oracle.com,3676158703,San Fernando,
7,Gerrie Tunnicliffe,gtunnicliffe6@webeden.co.uk,5493049912,Santo Tomas,
8,Tann Knolles-Green,tknollesgreen7@macromedia.com,9851268558,Tene,
9,Pren Hannan,phannan8@sohu.com,1562393573,Donggong,
10,Booth Kimbley,bkimbley9@vimeo.com,3489183912,Isabela,
11,Aeriell Woosnam,awoosnama@bloomberg.com,7596673448,Senlis,Picardie
12,Lanita Perrie,lperrieb@nih.gov,6221277660,Malaga,
13,Sax Simionescu,ssimionescuc@exblog.jp,7037709526,Hayes,
14,Garv Prenty,gprentyd@1und1.de,4148110581,Guachucal,
15,Mariele Choules,mchoulese@ifeng.com,2562271803,Berlin,Berlin
16,Reinwald Ingleston,ringlestonf@acquirethisname.com,2836026878,Alcanhões,Santarém
17,Douglas Bullene,dbulleneg@infoseek.co.jp,5867996726,Meijiang,
18,Granville Letty,glettyh@a8.net,1669710130,Yangzhen,
19,Deerdre Edgecombe,dedgecombei@geocities.com,5752065987,Gaoqiao,
20,Audi Whittlesee,awhittleseej@nhs.uk,1771349856,Gyamco,
21,Neil Reyburn,nreyburnk@yelp.com,2614416977,Wielki Kack,
22,Flinn Gurr,fgurrl@geocities.com,7447869309,Non Sung,
23,Joell Gloves,jglovesm@comsenz.com,2722044714,Bobrovka,
24,Rickert Anthoney,ranthoneyn@squidoo.com,6573455265,Hacıqabul,
25,Bard Scandwright,bscandwrighto@stanford.edu,4652413361,Malāyer,
26,Malia Shepheard,mshepheardp@51.la,1777914733,Beihuaidian,
27,Adelaide Arons,aaronsq@csmonitor.com,1027010894,Los Pinos,Guanajuato
28,Kippar Lumbly,klumblyr@nba.com,6009061782,Kelmė,
29,Pennie Chamney,pchamneys@si.edu,5922130873,Las Parejas,
30,Lyndsie Spracklin,lspracklint@kickstarter.com,6366308499,Pingpo,
31,Morty Barfford,mbarffordu@chron.com,7549598152,Masaya,
32,Madelene Colum,mcolumv@canalblog.com,8846706380,Wysoka,
33,Richmond Johansen,rjohansenw@yelp.com,7638665594,Eshowe,
34,Gasper Rubrow,grubrowx@hc360.com,2157101663,Fenchen,
35,Tonia Jewers,tjewersy@pbs.org,3113265840,Pasirgaru,
36,Barbee Lacky,blackyz@addthis.com,7449395873,Koppies,
37,Boigie Fall,bfall10@blogtalkradio.com,6624705605,Xiluodu,
38,Iseabal Conkay,iconkay11@aol.com,7872895041,Chenqiao,
39,Darrel Brislawn,dbrislawn12@illinois.edu,5379980260,Orekhovo-Borisovo,
40,Justis Wabey,jwabey13@vistaprint.com,5498648462,Fujisawa,
41,Reta Eles,reles14@acquirethisname.com,7827526119,Al ‘Azīzīyah,
42,Jena Fossord,jfossord15@nytimes.com,8137627977,Québec,Québec
43,Deane Coltan,dcoltan16@exblog.jp,3035327981,Lidköping,Västra Götaland
44,Osborne Poschel,oposchel17@infoseek.co.jp,7979874639,Kamru,
45,Beatrix Gabites,bgabites18@pen.io,8225343323,Canto,Aveiro
46,Pooh Gonnel,pgonnel19@slate.com,5662340517,Fabianki,
47,Lucila Kastel,lkastel1a@google.ru,5027546853,San Pedro,
48,Danni Reuss,dreuss1b@wikispaces.com,3886457859,Nabari,
49,Omar Traves,otraves1c@guardian.co.uk,7168507326,Matsuyama,
50,Brena Grinsdale,bgrinsdale1d@weebly.com,6244343564,Ożarów,
51,Hendrick Armytage,harmytage1e@newsvine.com,6431934105,Kranggan,
52,Marion Pethybridge,mpethybridge1f@woothemes.com,5973007938,Sịa,
53,Anabal Poyner,apoyner1g@indiegogo.com,8485500827,Đưc Trọng,
54,Saraann Stutely,sstutely1h@weebly.com,2569264127,Gravataí,
55,Obidiah Dauncey,odauncey1i@wikimedia.org,2257380028,Idi Rayeuk,
56,Chrysa Crose,ccrose1j@scientificamerican.com,5388307484,Vyshneye Dolgoye,
57,Marcia Caush,mcaush1k@upenn.edu,3112600414,Ishqoshim,
58,Eleen Tunbridge,etunbridge1l@hao123.com,4595902546,Baranti,
59,Rena Rounding,rrounding1m@hao123.com,9029589254,Xinzhan,
60,Rosanna Looker,rlooker1n@linkedin.com,9402355617,Saint-Cloud,Île-de-France
61,Jessey Kaysor,jkaysor1o@weibo.com,7336132650,Viengxay,
62,Prudi Facchini,pfacchini1p@reverbnation.com,5389600860,Mabugang,
63,Michal Allebone,mallebone1q@bloglovin.com,2263632140,Sabóia,Beja
64,Oberon Petre,opetre1r@aol.com,5702549675,Scranton,Pennsylvania
65,Tisha McGinney,tmcginney1s@yolasite.com,7958420304,Yeosu,
66,Rochette Duff,rduff1t@bbb.org,2844579870,Áyios Vasílios,
67,Mela Duthie,mduthie1u@purevolume.com,2033882596,Hukou,
68,Charlotte Mixhel,cmixhel1v@sakura.ne.jp,3441228476,Shiren,
69,Yasmeen Pindar,ypindar1w@moonfruit.com,4869242566,Jember,
70,Morley Kigelman,mkigelman1x@unblog.fr,9236992133,Pocito,
71,Aurilia Woodsford,awoodsford1y@google.pl,7841321934,Kagadi,
72,Garrett Aldiss,galdiss1z@4shared.com,4757398206,Ostrów Mazowiecka,
73,Leanor Samsworth,lsamsworth20@about.com,8516756049,Dogondoutchi,
74,Geraldine Swafford,gswafford21@huffingtonpost.com,5851404680,Rochester,New York
75,Lance Siret,lsiret22@phpbb.com,2963362261,Amashca,
76,Vittoria Jovasevic,vjovasevic23@ycombinator.com,2104311362,Fosses,Île-de-France
77,Leigh Swyne,lswyne24@netlog.com,5669522183,Dungarvan,
78,Cissiee Simnor,csimnor25@washington.edu,4342221105,Ocho Rios,
79,Leonerd Mulvenna,lmulvenna26@webmd.com,4294524747,Longxian Chengguanzhen,
80,Lurline Zanini,lzanini27@exblog.jp,4067591909,Bāndarban,
81,Hilda Biswell,hbiswell28@mediafire.com,6684634730,Laranjeiras do Sul,
82,Kristy Whatling,kwhatling29@g.co,2767075636,Sudoměřice,
83,Vince Matteacci,vmatteacci2a@people.com.cn,3851671445,Dehang,
84,Guntar Fish,gfish2b@amazon.de,8471960205,Tapakrejo,
85,Nelson Weaver,nweaver2c@intel.com,4361861286,Allanridge,
86,Desmond Eccleston,deccleston2d@miibeian.gov.cn,4015136647,Devon,Alberta
87,Georgie Noyce,gnoyce2e@friendfeed.com,3334273784,Argavand,
88,Farand Kristof,fkristof2f@furl.net,1952879155,Bayaguana,
89,Nerissa Bernt,nbernt2g@berkeley.edu,8498513279,Gaobu,
90,Braden Giocannoni,bgiocannoni2h@1und1.de,3427277202,Idtig,
91,Burnaby Lambricht,blambricht2i@unc.edu,8484741615,Bang Rakam,
92,Maris Sarvar,msarvar2j@apache.org,3788780586,Old Harbour Bay,
93,Mellisa Lain,mlain2k@blog.com,2889872035,Guantouzui,
94,Augie Fishly,afishly2l@squarespace.com,2735507286,San Cristóbal Cucho,
95,Nichol Drayson,ndrayson2m@webmd.com,3499844813,Laizhou,
96,Perceval Priter,ppriter2n@tmall.com,5495834769,Caucasia,
97,Joel Lytton,jlytton2o@cnet.com,2231857757,Junaynat Raslān,
98,Fonz Bennedsen,fbennedsen2p@newsvine.com,4982083310,Oslo,Oslo
99,Shay Dorkens,sdorkens2q@house.gov,8523762556,Chiguirip,
100,Odelinda Valentim,ovalentim2r@topsy.com,5361407096,Hewan,
101,Bary Plumer,bplumer2s@tripadvisor.com,8556719257,Jejkowice,
102,Elbertina Arrington,earrington2t@bloomberg.com,3611490305,Międzyzdroje,
103,Prinz Weddell,pweddell2u@princeton.edu,5568035249,Dubreuil,
104,Salem Duligal,sduligal2v@php.net,9049220806,Anyang-si,
105,Mariana Hinzer,mhinzer2w@blogs.com,2938268775,Pisaras,
106,Lizzie Alabone,lalabone2x@google.com,7493219761,Zhiqing Songduo,
107,Silvano Brasse,sbrasse2y@cdbaby.com,9991438116,Qiandeng,
108,Valencia Maps,vmaps2z@intel.com,7572296448,Chernoyerkovskaya,
109,Haley Jickells,hjickells30@hostgator.com,2436627526,Lushikeng,
110,Hurleigh Piers,hpiers31@sun.com,6499493327,Pustomyty,
111,Sabina Owbridge,sowbridge32@goodreads.com,1656863389,Bailieborough,
112,Julee Crufts,jcrufts33@dot.gov,7266629430,Navegantes,
113,Padget McEntagart,pmcentagart34@thetimes.co.uk,5746443601,Qiaoshi,
114,Clyde Bilam,cbilam35@csmonitor.com,7006673885,Talshand,
115,Debby Duke,dduke36@home.pl,5684839387,Turnišče,
116,Ronny Merwe,rmerwe37@163.com,9735625803,Santa Teresa First,
117,Esdras Wedderburn,ewedderburn38@accuweather.com,3797434926,Huangbei,
118,Jackqueline Down,jdown39@auda.org.au,5402107324,Palma Gil,
119,Nellie Faustian,nfaustian3a@de.vu,6706631461,Taiping,
120,Kasey De Vile,kde3b@sbwire.com,7885105374,Thị Trấn Nga Sơn,
121,Sal Chapleo,schapleo3c@gnu.org,5963552803,Prado,Porto
122,Stephana Goldson,sgoldson3d@thetimes.co.uk,7726405751,Ceres,
123,Rubia Klus,rklus3e@ameblo.jp,4867560888,Zhetang,
124,Sorcha Blamphin,sblamphin3f@typepad.com,9672528457,Chejiazhuang,
125,Fannie Geraldez,fgeraldez3g@printfriendly.com,9305969897,Shaami-Yurt,
126,Monica Sambrook,msambrook3h@ibm.com,7537691198,Xamba,
127,Juli Guerola,jguerola3i@opensource.org,5853969726,Umingan,
128,Harrison Radnedge,hradnedge3j@rediff.com,2772831156,Bombardopolis,
129,Rodolfo Tofanini,rtofanini3k@facebook.com,9659251974,Carumas,
130,Donn Blewmen,dblewmen3l@utexas.edu,5178540521,Haguimit,
131,Ethe Junkison,ejunkison3m@ifeng.com,5505493348,Cerrillos,
132,Merrile Euesden,meuesden3n@scribd.com,1453838453,Pasirangin Tiga,
133,Rubetta Ulster,rulster3o@uiuc.edu,2732560346,Zhoinda,
134,Horatio Heel,hheel3p@google.es,9016856609,Istres,Provence-Alpes-Côte d'Azur
135,Will Londing,wlonding3q@wsj.com,9698859304,Gunungkencana,
136,Law Lammiman,llammiman3r@ucoz.ru,8362735649,Zhukovka,
137,Jarvis Gwinnett,jgwinnett3s@skyrock.com,9442105862,Xiangyun,
138,Berti Labes,blabes3t@mit.edu,7842467721,Santa Cruz,
139,Willi Barensen,wbarensen3u@google.com.br,9178076700,Nanshao,
140,Jean Vokes,jvokes3v@rakuten.co.jp,1352204313,Papakura,
141,Elfrieda Linsley,elinsley3w@shop-pro.jp,1261473162,Lazdijai,
142,Jayson Frosdick,jfrosdick3x@google.it,1438094854,Qiaojia,
143,Erek Leidecker,eleidecker3y@ebay.com,9234498204,Agnibilékrou,
144,Lane Elph,lelph3z@boston.com,5333026378,Ljubuški,
145,Ara Meachen,ameachen40@google.ru,8141644697,Kuafeu,
146,Lulita Trubshaw,ltrubshaw41@meetup.com,1269322896,Datartua,
147,Alfy Aberdeen,aaberdeen42@yolasite.com,4005524476,Belozërsk,
148,Michael Magister,mmagister43@jugem.jp,6211262465,Dubovka,
149,Nicola Pead,npead44@bravesites.com,9198572038,Karangbalong,
150,Florencia Saddler,fsaddler45@printfriendly.com,1361546344,Napel,
151,Clemmie Priden,cpriden46@wired.com,9311045167,Andalucía,
152,Fred Lathom,flathom47@youtu.be,1473762217,Haurpanggung,
153,Fonsie Piwall,fpiwall48@ca.gov,7219668242,Garahaji,
154,Obediah Wiggin,owiggin49@hugedomains.com,2134125116,Ladário,Porto
155,Audi Marshal,amarshal4a@about.com,7932340312,Shisandaogou,
156,Saw Threader,sthreader4b@ibm.com,5816652684,Kathu,
157,Abelard Hooks,ahooks4c@fda.gov,2793304761,Vårby,Stockholm
158,Darelle Ryman,dryman4d@people.com.cn,8594823741,Lexington,Kentucky
159,Pippa Skally,pskally4e@quantcast.com,4332784845,Ḩarastā,
160,Francisco Esh,fesh4f@va.gov,4815533242,Ḩalāwah,
161,Hanny Axton,haxton4g@seattletimes.com,1126537912,Calachuchi,
162,Harmonie Guilloud,hguilloud4h@yandex.ru,6316808117,Kabale,
163,Claudina Eyckelbeck,ceyckelbeck4i@china.com.cn,4726906998,Stettler,Alberta
164,Roxanna D'Errico,rderrico4j@craigslist.org,5656446417,Guihulñgan,
165,Dehlia Lauderdale,dlauderdale4k@addtoany.com,2314153344,Chynadiyovo,
166,Ive Ashbrook,iashbrook4l@360.cn,8254095127,Moa,
167,Georgena Gorst,ggorst4m@spotify.com,4696086278,Saint-Bruno-de-Guigues,Québec
168,Ninette Quittonden,nquittonden4n@jiathis.com,2079365447,Zhaitou,
169,Cami Phayre,cphayre4o@1und1.de,6002547639,Chian Yai,
170,Sutherlan Beccles,sbeccles4p@about.me,6047557491,Pianbai,
171,Waiter Sartin,wsartin4q@yellowbook.com,6733578293,Fufang,
172,Dore Vanichkin,dvanichkin4r@so-net.ne.jp,7063254571,Fukuma,
173,Guntar McConnel,gmcconnel4s@discovery.com,6962338260,Sang-e Chārak,
174,Dominic Slayton,dslayton4t@shareasale.com,8568513873,Banatski Despotovac,
175,Tailor Erlam,terlam4u@drupal.org,2522823330,Řehlovice,
176,Karola MacGibbon,kmacgibbon4v@ask.com,1378977863,Chenjiatan,
177,Cristen Gray,cgray4w@multiply.com,1207820549,Berck,Nord-Pas-de-Calais
178,Deeyn Cribbott,dcribbott4x@last.fm,3176657406,Indianapolis,Indiana
179,Karine Yoodall,kyoodall4y@apple.com,6437730258,Bacem,
180,Loralee Alabastar,lalabastar4z@about.com,5381346502,Ban Bang Kadi Pathum Thani,
181,Sibilla Keohane,skeohane50@youku.com,3762191718,Canturay,
182,Maryjane Mallinder,mmallinder51@usgs.gov,8016748037,Viraco,
183,Elyse Clohissy,eclohissy52@homestead.com,2955991924,Shemursha,
184,Barbe Wombwell,bwombwell53@telegraph.co.uk,8708148840,Usicayos,
185,Eddi Coales,ecoales54@netvibes.com,8591896029,Dazhipo,
186,Bari Dahlbom,bdahlbom55@amazon.de,6444317911,Voi,
187,Lesley Jay,ljay56@simplemachines.org,3702393442,Ronggo,
188,Beverly Pantridge,bpantridge57@mashable.com,8657780526,Bingfang,
189,Estevan McClure,emcclure58@about.me,5166885321,Renyi,
190,Nikolai Braksper,nbraksper59@homestead.com,6498861802,Pršovce,
191,Zach Molan,zmolan5a@about.com,2645647960,Gazojak,
192,Kalvin Wakelin,kwakelin5b@biglobe.ne.jp,3394789822,Naguilian,
193,Madelon Beardshall,mbeardshall5c@harvard.edu,2783114315,Cheonan,
194,Trudie Hunt,thunt5d@ehow.com,7416315671,Buy,
195,Fabien Bauer,fbauer5e@earthlink.net,9449100116,Butou,
196,Benoit O'Crevan,bocrevan5f@hubpages.com,1769553784,Pajé,
197,Christy Shernock,cshernock5g@eventbrite.com,7734786072,Taquari,
198,Faulkner Gorriessen,fgorriessen5h@redcross.org,5928827645,Santiago de las Vegas,
199,Ranee Joder,rjoder5i@taobao.com,9051244156,Faranah,
200,Dulciana McClarence,dmcclarence5j@slate.com,6635693475,Junchuan,
201,Niles Pietesch,npietesch5k@cargocollective.com,5667079022,Piúma,
202,Coral Dodell,cdodell5l@nasa.gov,2008690326,Gubat,
203,Erin Whitesel,ewhitesel5m@cmu.edu,9458695942,Nowy Dwór Mazowiecki,
204,Morgana Klimp,mklimp5n@tinypic.com,6466890574,Port Elizabeth,
205,Rupert Munkley,rmunkley5o@yellowpages.com,6048030775,Maia,Ilha de São Miguel
206,Malva Hammarberg,mhammarberg5p@tripadvisor.com,8509423801,Pensacola,Florida
207,Carmita Ortner,cortner5q@yahoo.co.jp,8283292159,Ostravice,
208,Chance Castellani,ccastellani5r@github.com,8006979771,Bayangol,
209,Legra Cornelis,lcornelis5s@yellowbook.com,8854854008,Xiting,
210,Bartie Heinish,bheinish5t@npr.org,3204599537,General Manuel J. Campos,
211,Ardis Mayoral,amayoral5u@privacy.gov.au,4877109103,Växjö,Kronoberg
212,Reinaldo Liccardo,rliccardo5v@surveymonkey.com,5795031915,Hachinohe,
213,Adlai Rupel,arupel5w@yahoo.co.jp,1019844148,Boli,
214,Roseanna Vedeniktov,rvedeniktov5x@dailymotion.com,3446875739,Lawa-an,
215,Dorolice Jojic,djojic5y@comsenz.com,8605752971,Ngondokandawu,
216,Faulkner Coggon,fcoggon5z@cnbc.com,8787650148,Chumphon,
217,Venus Gamblin,vgamblin60@fotki.com,2032046468,Saint-Malo,Bretagne
218,Shermie Abel,sabel61@dedecms.com,7186588893,Dassun,
219,Gibbie Klemenz,gklemenz62@craigslist.org,8632436104,Emiliano Zapata,Morelos
220,Gabriel Cockley,gcockley63@networkadvertising.org,7666337160,Courtaboeuf,Île-de-France
221,Ashien O'Fielly,aofielly64@icio.us,8981348954,Weiwangzhuang,
222,Ernaline Carp,ecarp65@umn.edu,7107811055,Xincheng,
223,Aldric Highton,ahighton66@vkontakte.ru,6373511335,Bajo Pichanaqui,
224,Dunstan Senton,dsenton67@ihg.com,2016135120,Lyamino,
225,Bria Fowles,bfowles68@xing.com,2048706624,Qingliu,
226,Sonya Pluthero,spluthero69@ocn.ne.jp,9854277147,Szolnok,Jász-Nagykun-Szolnok
227,Mendel Scuse,mscuse6a@ox.ac.uk,9582658881,Las Flores,Tamaulipas
228,Malynda Wegman,mwegman6b@microsoft.com,8955716395,El Kef,
229,Darline Stores,dstores6c@usa.gov,1394722249,Yerba Buena,
230,Dorry Greeson,dgreeson6d@globo.com,4457184391,Chok Chai,
231,Ariel Inde,ainde6e@foxnews.com,1672102010,Jbaïl,
232,Lek Tomley,ltomley6f@apache.org,6893343342,Huishi,
233,Bari Fraczak,bfraczak6g@nature.com,3691583942,Vaxholm,Stockholm
234,Harold Duhig,hduhig6h@deviantart.com,5012211667,Cruzeiro do Sul,
235,Roxane Denerley,rdenerley6i@ox.ac.uk,9196977693,Nālūt,
236,Garvy Kleinhausen,gkleinhausen6j@hatena.ne.jp,1594739736,Gresik,
237,Karlene Duffyn,kduffyn6k@pcworld.com,2568810601,Novosibirsk,
238,Guillaume Vynall,gvynall6l@barnesandnoble.com,4687366301,Blagoevgrad,
239,Murray Habershon,mhabershon6m@tamu.edu,9867338595,Az Zabadānī,
240,Kippar Foakes,kfoakes6n@addtoany.com,3532844510,Embu Guaçu,
241,Austen Mothersole,amothersole6o@hubpages.com,4736260408,Yanacancha,
242,Akim Stot,astot6p@prlog.org,7342977727,Nova Petrópolis,
243,Ruddy Spurdle,rspurdle6q@dot.gov,1408579516,Tékane,
244,Vidovic Rummin,vrummin6r@gov.uk,3164948809,Tozeur,
245,Wes Feragh,wferagh6s@answers.com,4341314382,Doblas,
246,Marcello Brea,mbrea6t@fotki.com,1239546428,Retkovci,
247,Bryn Wattins,bwattins6u@blog.com,7561164223,Kamyshevka Vtoraya,
248,Welsh Rabbitts,wrabbitts6v@etsy.com,4523275208,La Libertad,
249,Tucker Marusic,tmarusic6w@unc.edu,6333914602,Helsingborg,Skåne
250,Ree Lenaghen,rlenaghen6x@reddit.com,3555304901,Pita,
251,Jo Cullnean,jcullnean6y@i2i.jp,1626591480,Mojogajeh,
252,Lon Donn,ldonn6z@privacy.gov.au,2107437045,Leticia,
253,Amble Gosby,agosby70@harvard.edu,7229047703,Houmen,
254,Lezley Moffet,lmoffet71@slate.com,3882531444,Maying,
255,Cora Ert,cert72@chronoengine.com,6437879738,Escola,Braga
256,Ruttger Lemonby,rlemonby73@geocities.com,3546656955,Lalmanirhat,
257,Bryana Govern,bgovern74@usa.gov,5749559725,Sapadun,
258,Edna Regus,eregus75@nsw.gov.au,8145966091,Praya,
259,Cosmo Gwin,cgwin76@washingtonpost.com,2005309180,Quetigny,Bourgogne
260,Lisabeth Iwaszkiewicz,liwaszkiewicz77@auda.org.au,7141112881,Anaheim,California
261,Judi Duthie,jduthie78@cocolog-nifty.com,2216264288,Vargem Grande do Sul,
262,Stefano Neljes,sneljes79@github.io,2739985732,Prokuplje,
263,Munmro Ankrett,mankrett7a@webeden.co.uk,2785611251,Bršadin,
264,Salomon Curnnokk,scurnnokk7b@geocities.jp,3221199146,Pangansalan,
265,Minna Albone,malbone7c@fda.gov,7828550932,Qijiawan,
266,Matelda Campkin,mcampkin7d@zimbio.com,6921255011,Fusagasuga,
267,Maison Elliot,melliot7e@com.com,1465970859,Meringkik,
268,Josephine Slimming,jslimming7f@umn.edu,2979768201,Las Palmas,Guerrero
269,Sybille Swoffer,sswoffer7g@devhub.com,2584877344,Laban,
270,Carlin Rothchild,crothchild7h@scientificamerican.com,6709342858,Narvacan,
271,Hunt Landre,hlandre7i@yahoo.com,5448716634,Setúbal,Setúbal
272,Sayre Sailor,ssailor7j@go.com,9147400913,Turmus‘ayyā,
273,Ulrich Kores,ukores7k@tumblr.com,8053416876,Ziguinchor,
274,Sheelagh Dightham,sdightham7l@google.ca,1273649298,Tengqiao,
275,Stormi Schechter,sschechter7m@usatoday.com,4483752344,Kaducondong,
276,Angel Willson,awillson7n@prnewswire.com,2858613170,Tarogong,
277,Gwenore Lenard,glenard7o@jiathis.com,9072969984,Huancabamba,
278,Dominik Ornillos,dornillos7p@techcrunch.com,4007567778,Mundybash,
279,Sydel Postin,spostin7q@bloglovin.com,2249156253,Pines,
280,Mollee Sharper,msharper7r@aol.com,2522465899,Webuye,
281,Palmer Myton,pmyton7s@istockphoto.com,6625277124,Agrela,Viana do Castelo
282,Dreddy Beesey,dbeesey7t@tuttocitta.it,4831677741,Cigintung,
283,Tiffany Dalby,tdalby7u@home.pl,1726924483,Hushan,
284,Sherwin Dinsey,sdinsey7v@reddit.com,7675975163,Le Mans,Pays de la Loire
285,Sidoney Upston,supston7w@elpais.com,7374287622,Guankou,
286,Alexi Elby,aelby7x@diigo.com,5364444675,Corozal,
287,Darin Ottawell,dottawell7y@yale.edu,2905776989,Kertamukti,
288,My Waterman,mwaterman7z@vk.com,3354222873,Mudian,
289,Vikki Otter,votter80@jigsy.com,5955693563,Cuispes,
290,Jourdain Broscombe,jbroscombe81@paginegialle.it,5478421607,Santa Cruz,
291,Mona Cosstick,mcosstick82@earthlink.net,3511897566,Crépy-en-Valois,Picardie
292,Lina Holdworth,lholdworth83@arstechnica.com,9246310945,Verdizela,Setúbal
293,Neal Hallut,nhallut84@ed.gov,2139990462,Biała Piska,
294,Tisha de Guerre,tde85@aol.com,3363671685,Thành Phố Lạng Sơn,
295,Barnard Goneau,bgoneau86@fda.gov,2806688650,Dacun,
296,Rocky Fawdrie,rfawdrie87@about.me,4974831070,Marseille,Provence-Alpes-Côte d'Azur
297,Delainey Nyland,dnyland88@php.net,5421530097,Banī Suwayf,
298,Kristan Birdfield,kbirdfield89@wikispaces.com,6975447493,San Diego,
299,Malory Pottinger,mpottinger8a@shutterfly.com,1068234417,Togitsu,
300,Loreen Showte,lshowte8b@twitpic.com,4613130423,Rozvadov,
301,Bernardine Collick,bcollick8c@indiegogo.com,5906166529,Grębów,
302,Andrea Clelland,aclelland8d@51.la,3034612084,Lembung Tengah,
303,Silvan Drane,sdrane8e@bloglines.com,7852516321,Jielin,
304,Christal Bibby,cbibby8f@hatena.ne.jp,4853720417,Syntul,
305,Fae Stannis,fstannis8g@miibeian.gov.cn,7107605594,Chwaszczyno,
306,Lyndsay Diess,ldiess8h@yahoo.co.jp,8267129327,Si’erbao,
307,Nels Rivilis,nrivilis8i@tripadvisor.com,3477607054,Wenping,
308,Boycie Turland,bturland8j@acquirethisname.com,2891233388,Kiev,
309,Aloisia Christer,achrister8k@csmonitor.com,4125213836,Huzhen,
310,Merrilee Fink,mfink8l@123-reg.co.uk,9548117959,Vaughan,Ontario
311,Jeanine Getcliff,jgetcliff8m@tripadvisor.com,1977801246,Veltruby,
312,Bernie Huncoot,bhuncoot8n@hostgator.com,2387356165,Serra Negra,
313,Reggy Thomelin,rthomelin8o@about.me,4159590536,Wutumeiren,
314,Laney Buckthought,lbuckthought8p@unc.edu,2856760591,Jiuxian,
315,Baird Huddy,bhuddy8q@simplemachines.org,8724595919,Yvetot,Haute-Normandie
316,Lorita Berget,lberget8r@odnoklassniki.ru,7649900625,Staryy Cherek,
317,Goran Ledson,gledson8s@ycombinator.com,1472083131,Gersikputih Tengah,
318,Kenton Postin,kpostin8t@webeden.co.uk,6365978608,Nanmuping,
319,Darice De Ferrari,dde8u@slate.com,8184603332,Blama,
320,Jessie Senescall,jsenescall8v@google.cn,3214921481,Wushi,
321,Daniela McGowing,dmcgowing8w@spotify.com,9925770111,Nay Pyi Taw,
322,Cori Jermyn,cjermyn8x@hostgator.com,3432845030,Alcoy,
323,Corly Lakeman,clakeman8y@eventbrite.com,3531979246,Argotirto Krajan,
324,Crawford Aggiss,caggiss8z@parallels.com,3749479708,Xingfu,
325,Katuscha Tunaclift,ktunaclift90@wiley.com,1786005031,Sambirata,
326,Crin Holdforth,choldforth91@devhub.com,4508235628,Danao,
327,Margaretha Sigmund,msigmund92@woothemes.com,5917812361,Levuka,
328,Archie Dwyer,adwyer93@photobucket.com,1807038478,Guaçuí,
329,Kerri Rule,krule94@cisco.com,8917896461,Dobrošte,
330,Jacquette Baxendale,jbaxendale95@devhub.com,6755242834,Prapen,
331,Fayina Slaight,fslaight96@php.net,1485904924,Paris 11,Île-de-France
332,Lanny Rakes,lrakes97@paypal.com,5745837849,Bom Despacho,
333,Oralee Marzellano,omarzellano98@spiegel.de,6246512222,Arroyo Salado,
334,Georgia Frizell,gfrizell99@ameblo.jp,5791223243,Yŏng-dong,
335,Kris Attril,kattril9a@auda.org.au,8297254140,Piteå,Norrbotten
336,Nathalia Franciottoi,nfranciottoi9b@tinypic.com,8706013479,Sicaya,
337,Shalne Hinrichs,shinrichs9c@loc.gov,4548281493,Yanmenguan,
338,Reece Aylesbury,raylesbury9d@amazon.co.jp,3856851461,Aracati,
339,Claudia Loughead,cloughead9e@yale.edu,8748391481,Zongluzui,
340,Clerissa Mulford,cmulford9f@wikispaces.com,3198255502,Tabou,
341,Reece Stove,rstove9g@si.edu,3235788976,Arras,
342,Anica Eccott,aeccott9h@aol.com,3044862839,Vinces,
343,Binky Landis,blandis9i@macromedia.com,8245835344,Berbek,
344,Arte Lafont,alafont9j@yellowbook.com,7913161614,Luobuqiongzi,
345,Chic Ricket,cricket9k@yellowbook.com,6404889530,Wŏnju,
346,Willy Kryszkiecicz,wkryszkiecicz9l@lulu.com,5049786847,Nieszawa,
347,Ferdinande Ibbeson,fibbeson9m@aol.com,2909619014,North Battleford,Saskatchewan
348,Oralla Rosenfelder,orosenfelder9n@linkedin.com,9223049647,Sukkozero,
349,Harli Dendle,hdendle9o@engadget.com,1777693430,Al Khafjī,
350,Annmaria Lopez,alopez9p@amazon.co.uk,6269056220,Panolan,
351,Jelene Renney,jrenney9q@nsw.gov.au,6441564869,Wawer,
352,Lynn Henryson,lhenryson9r@va.gov,9898912137,Aparecida do Taboado,
353,Veronica Wemes,vwemes9s@dell.com,1352570668,Monte Redondo,Lisboa
354,Corrinne Ondrak,condrak9t@cdbaby.com,5412267421,Fuji,
355,Syman Ervin,servin9u@google.com.hk,9597187134,Río Segundo,
356,Trudie Redman,tredman9v@technorati.com,6226429034,Nianpan,
357,Ahmad Bruinsma,abruinsma9w@yahoo.com,2381850778,Qimeng,
358,North Girdlestone,ngirdlestone9x@cafepress.com,6979457870,Kute,
359,Stearne Fraczak,sfraczak9y@wikia.com,6187545544,Zibreira,Santarém
360,Tresa Shadrach,tshadrach9z@zimbio.com,7243400724,Takokak,
361,Milton Scane,mscanea0@princeton.edu,9169272456,Hope,British Columbia
362,Clarance Cockshut,ccockshuta1@arizona.edu,1706150949,Ciomas,
363,Waylon Blackwell,wblackwella2@cam.ac.uk,2042719927,Luchenza,
364,Antony Laskey,alaskeya3@cisco.com,3538185155,Baoshan,
365,Violet De Laci,vdea4@wikia.com,6876382835,Trelleborg,Skåne
366,Colline Loder,clodera5@ocn.ne.jp,3291885632,Tapacocha,
367,Dare McGaughey,dmcgaugheya6@harvard.edu,6008828112,Sakai,
368,Sena Pawling,spawlinga7@yellowpages.com,7453926229,Nowlamary,
369,Susi Bifield,sbifielda8@google.it,5037735920,Gierałtowice,
370,Ransom Hellmer,rhellmera9@usnews.com,9819317019,Lebahseri,
371,Lacey Farbrother,lfarbrotheraa@so-net.ne.jp,3108936884,Taranovskoye,
372,Libbey O'Spillane,lospillaneab@privacy.gov.au,8505845461,Chipaque,
373,Edita Facher,efacherac@domainmarket.com,8907566662,Hongdu,
374,Sileas De Hailes,sdead@qq.com,2436498145,Qushi’an,
375,Delcina Clementel,dclementelae@msn.com,1344112529,Huacaschuque,
376,Ervin Andreuzzi,eandreuzziaf@nasa.gov,5323871391,Chalon-sur-Saône,Bourgogne
377,Selby Earwicker,searwickerag@blogger.com,3569643314,Yazykovo,
378,Bordy Favelle,bfavelleah@usda.gov,9727146998,Shufeng,
379,Briant Dable,bdableai@devhub.com,1393658869,Sanhe,
380,Mara Martinovsky,mmartinovskyaj@paypal.com,8496117892,Krông Kmar,
381,Kent Scragg,kscraggak@usda.gov,8874663884,Zavety Il’icha,
382,Lou Soigne,lsoigneal@samsung.com,7023722371,Tutul,
383,Zita Rickersy,zrickersyam@auda.org.au,1125824849,Chabu,
384,Corine Brookes,cbrookesan@pbs.org,7155153920,Trikora,
385,Clement Moynham,cmoynhamao@foxnews.com,6056410581,Dongmafang,
386,Burton Simonds,bsimondsap@ehow.com,7764513502,Malasila,
387,Garner Perrygo,gperrygoaq@blogtalkradio.com,5506112284,Vale da Pedra,Leiria
388,Dierdre Threadkell,dthreadkellar@timesonline.co.uk,3691300226,Cafarnaum,
389,Sharla Aylott,saylottas@wordpress.org,7454844432,Orichi,
390,Peggy Frazer,pfrazerat@cornell.edu,8577659918,Limanancong,
391,Ken Reedie,kreedieau@mysql.com,9505100137,Ikaalinen,
392,Benito Gilphillan,bgilphillanav@skype.com,9716886688,Portland,Oregon
393,Mord Fulger,mfulgeraw@angelfire.com,6861272189,Zubtsov,
394,Lilias Byne,lbyneax@youku.com,7135196853,Houston,Texas
395,Gretel Pfeiffer,gpfeifferay@theatlantic.com,7204668174,Azueira,Lisboa
396,Austina Winkett,awinkettaz@dagondesign.com,3612299883,Petit Valley,
397,Aryn Hitchens,ahitchensb0@vinaora.com,9037656345,Kapsan-ŭp,
398,Philly Galway,pgalwayb1@odnoklassniki.ru,7828160805,Turkestan,
399,Abdel Donnellan,adonnellanb2@booking.com,8799539470,Maradi,
400,Gilly Leguay,gleguayb3@tamu.edu,8288863218,Uruguaiana,
401,Bella Rogge,broggeb4@who.int,4008153790,Teluk Pinang,
402,Sally Twidell,stwidellb5@last.fm,7506054025,Kovel’,
403,Andie Linny,alinnyb6@uol.com.br,2039685678,Waterbury,Connecticut
404,Marlane Berndtsson,mberndtssonb7@pcworld.com,6533735350,Quyangqiao,
405,Elbertina Myrick,emyrickb8@senate.gov,2226672357,Terny,
406,Bronson Giacaponi,bgiacaponib9@uiuc.edu,3969761737,Wenlin,
407,Missie Moughtin,mmoughtinba@imgur.com,8533429605,Fresnes,Île-de-France
408,Tobi Wichard,twichardbb@addtoany.com,1794180215,Lushan,
409,Barbee Halford,bhalfordbc@usda.gov,2693416657,Rizal,
410,Billi Kalisch,bkalischbd@edublogs.org,4435060012,Jinping,
411,Corney Trodd,ctroddbe@aol.com,7354458085,Xinbei,
412,Carline Sikorsky,csikorskybf@facebook.com,4591128511,Montpellier,Languedoc-Roussillon
413,Robbert Pock,rpockbg@hibu.com,8101717197,Busia,
414,Nicolea Baldazzi,nbaldazzibh@ca.gov,9269741869,Ciherang,
415,Sela Buff,sbuffbi@addthis.com,5938788564,Longuita,
416,Laurena Tandy,ltandybj@usnews.com,4931523259,Tournon-sur-Rhône,Rhône-Alpes
417,Randal Hirsthouse,rhirsthousebk@bigcartel.com,4084765727,Chemal,
418,Borden Crown,bcrownbl@smugmug.com,5972693975,Cliza,
419,Darin Dyett,ddyettbm@privacy.gov.au,4591592539,Catania,Sicilia
420,Desmund Fesby,dfesbybn@zdnet.com,7949685450,São Gabriel,
421,Evy Dimbylow,edimbylowbo@slashdot.org,3723174365,Toulouse,Midi-Pyrénées
422,Teador Cicconetti,tcicconettibp@google.it,8247938818,Ozimek,
423,Lodovico Cavnor,lcavnorbq@cpanel.net,2783230346,Saryg-Sep,
424,Norene Blodgetts,nblodgettsbr@google.ru,3928531148,Krajan Dua Putukrejo,
425,Winnie Rimell,wrimellbs@soundcloud.com,9956394608,T’ianet’i,
426,Holden Ingham,hinghambt@vistaprint.com,5108155288,Oakland,California
427,Fayette Waison,fwaisonbu@bloglines.com,9895089396,Santa Rosa,
428,Lothaire Carlisi,lcarlisibv@va.gov,4904184970,Qelëz,
429,Far Gatley,fgatleybw@webeden.co.uk,4755164687,Nīshābūr,
430,Sonia Phippard,sphippardbx@stanford.edu,8583142345,Modakeke,
431,Nataline Caulliere,ncaulliereby@tinypic.com,5979568678,Sheli,
432,Cyrille Klauber,cklauberbz@sitemeter.com,4808104673,Karlstad,Värmland
433,Corabella Brotherton,cbrothertonc0@yolasite.com,9631821632,Hepingyizu,
434,Robina Halfhide,rhalfhidec1@cafepress.com,4997411285,San Rafael,Michoacan De Ocampo
435,Horacio Brooks,hbrooksc2@forbes.com,2912399309,Jingouhe,
436,Kailey Pyford,kpyfordc3@loc.gov,2113522882,Bodø,Nordland
437,Claire Roswarne,croswarnec4@berkeley.edu,4471784711,Digdig,
438,Elliot Endean,eendeanc5@yahoo.com,6181152788,Linxia Chengguanzhen,
439,Becki Maass,bmaassc6@over-blog.com,4783296576,Tyresö,Stockholm
440,Wolf Pickard,wpickardc7@nydailynews.com,9898324378,Lyubar,
441,Lawrence Simoni,lsimonic8@stumbleupon.com,8136989090,Al Farwānīyah,
442,Jaynell Sackur,jsackurc9@aol.com,5103963904,Oakland,California
443,Wynne Waldie,wwaldieca@theglobeandmail.com,9134286251,Kauniainen,
444,Whit Deakes,wdeakescb@phoca.cz,9988660927,Nankengzi,
445,Lanny Jakubiak,ljakubiakcc@mashable.com,3546894833,Hele,
446,Rubetta Georgeson,rgeorgesoncd@360.cn,7225769791,Borzoy,
447,Perry Hourican,phouricance@geocities.com,2742061657,Shangdongjie,
448,Trevar Playfoot,tplayfootcf@narod.ru,2672964654,Hurghada,
449,Gonzalo Hysom,ghysomcg@bloglovin.com,1927253372,Milton,England
450,Gui MacAdam,gmacadamch@domainmarket.com,4347522799,Tanlin,
451,Doralynne Rowntree,drowntreeci@google.com.br,6662110373,Galamares,Lisboa
452,Lionel Shoebottom,lshoebottomcj@mediafire.com,2771187296,Wien,Wien
453,Amy Prangnell,aprangnellck@ycombinator.com,8571315054,Pancan,
454,Geordie Panting,gpantingcl@lycos.com,2258403544,Freguesia do Ribeirao da Ilha,
455,Ellerey Weben,ewebencm@admin.ch,2129529775,Koten,
456,Gerianna Stockbridge,gstockbridgecn@lycos.com,4967744753,Pang,
457,Flossi Van Rembrandt,fvanco@sun.com,5115256803,Gandra,Viana do Castelo
458,Carmine Jacobssen,cjacobssencp@pen.io,2125728460,Palmital,
459,Ardine Volkes,avolkescq@webnode.com,3786676336,Kotingnatagete,
460,Pet Mealand,pmealandcr@qq.com,1699806549,Loureiro,Braga
461,Malia Delucia,mdeluciacs@npr.org,3548717007,Yingyang,
462,Becca Bending,bbendingct@dmoz.org,2229129808,Selasari,
463,Thoma Ondrusek,tondrusekcu@cnet.com,6116266378,Gaocun,
464,Ferrell Tunaclift,ftunacliftcv@4shared.com,8613911735,Caromatan,
465,Obadiah Beer,obeercw@boston.com,4554634900,Arivonimamo,
466,Kaela Coultard,kcoultardcx@bloglovin.com,6058602356,Hirosaki,
467,Brianna Buckley,bbuckleycy@webmd.com,5081326323,Rogongon,
468,Crissy Skerratt,cskerrattcz@shop-pro.jp,5474408557,Saint-Bruno,Québec
469,Ichabod Mell,imelld0@un.org,6148007965,Mīr Bachah Kōṯ,
470,Neel Gilliam,ngilliamd1@jalbum.net,6681376233,Kryva Hora,
471,Georgine Stook,gstookd2@utexas.edu,8784913974,Słotowa,
472,Del Ivantsov,divantsovd3@1688.com,4175051898,Phanom Sarakham,
473,Angela Strudwick,astrudwickd4@wikimedia.org,8925465310,Čížkovice,
474,Theadora Beach,tbeachd5@google.ca,9393745384,Olofström,Blekinge
475,Chiquita Postance,cpostanced6@1688.com,4092738188,Gabasumdo,
476,Almeria Trood,atroodd7@ucsd.edu,4699745401,Magole,
477,Norrie Landall,nlandalld8@joomla.org,8187130250,Taramana,
478,Budd MacCracken,bmaccrackend9@cloudflare.com,1575844336,Novobiryusinskiy,
479,Essy Chaffen,echaffenda@china.com.cn,2295866849,Albany,Georgia
480,Frants Skelhorn,fskelhorndb@etsy.com,3093316818,Wādī as Sīr,
481,Avrit Gauche,agauchedc@twitter.com,3672422079,Rejowinangun,
482,Orel Barnby,obarnbydd@reddit.com,8302696770,Qaxa,
483,Merna Swait,mswaitde@alexa.com,7081880530,Maodian,
484,Lib Haydney,lhaydneydf@t.co,4881040847,Huangmei,
485,Gloria Snarr,gsnarrdg@cbc.ca,9191965307,Wanshan,
486,Gertrud Stribling,gstriblingdh@aboutads.info,3947411600,Palestina,
487,Min Durno,mdurnodi@t-online.de,2787443491,Kanal,
488,Conrade MacCaig,cmaccaigdj@exblog.jp,6205557298,Hassi Berkane,
489,Grier Sutherns,gsuthernsdk@netlog.com,1963658422,Langue,
490,Hasty Hylden,hhyldendl@prlog.org,7352603324,Cape Town,
491,Kerianne Hogbourne,khogbournedm@delicious.com,1005555332,Shōbu,
492,Ernesta Aubray,eaubraydn@comsenz.com,9733865050,Guang’an,
493,Kerwinn Chisolm,kchisolmdo@qq.com,3925334127,Ullubiyaul,
494,Virge Gueny,vguenydp@nyu.edu,5261723624,Kil’mez’,
495,Matt Durrad,mdurraddq@slideshare.net,4057431970,Sundbyberg,Stockholm
496,Cassaundra Bernardon,cbernardondr@uol.com.br,8183387513,Machikou,
497,Tibold Downage,tdownageds@archive.org,6263112364,Robertsfors,Västerbotten
498,Norry Paolazzi,npaolazzidt@examiner.com,8522469545,Ciawi,
499,Charlotte Durdle,cdurdledu@github.com,8189203732,Morgados,Setúbal
500,Wilbur Mathe,wmathedv@mac.com,3861972570,Wielichowo,
501,Cornelius Vinall,cvinalldw@jimdo.com,2986618808,Caringin,
502,Daffi Taffie,dtaffiedx@cafepress.com,3256161007,Sanli,
503,Brigida Houlahan,bhoulahandy@ebay.com,7699258932,Wisznice,
504,Gnni Boyer,gboyerdz@wufoo.com,3507589123,Saray,
505,Crawford Crews,ccrewse0@samsung.com,3666620307,Cha-am,
506,Alidia Shillabeare,ashillabearee1@jalbum.net,7445359080,Masākin,
507,Egan Gatrill,egatrille2@desdev.cn,8696421294,Kuje,
508,Moll Rackam,mrackame3@nbcnews.com,8555020377,Gominhães,Braga
509,Johnny Garretson,jgarretsone4@desdev.cn,4753041562,Alvito,Beja
510,Marieann Draisey,mdraiseye5@miibeian.gov.cn,9262361078,Idkū,
511,Lambert Cholton,lcholtone6@blogtalkradio.com,8149152046,Chengnan,
512,Zoe Thew,zthewe7@people.com.cn,5142829805,Tambawel,
513,Delmer Fulks,dfulkse8@canalblog.com,3825946440,Ang Thong,
514,Charmaine Bradly,cbradlye9@twitter.com,9537526248,Valvedditturai,
515,Desdemona Muriel,dmurielea@go.com,2599815596,Bjärred,Skåne
516,Vi Alkin,valkineb@alibaba.com,8713264546,Kavalerovo,
517,Annora Chapellow,achapellowec@symantec.com,7955618579,Trudobelikovskiy,
518,Modestine Daenen,mdaenened@behance.net,5299504316,Monte Mor,
519,Meredith Brightman,mbrightmanee@de.vu,9677490813,Kinloch,Scotland
520,Coralyn Clissett,cclissettef@liveinternet.ru,3157352083,Chợ Lầu,
521,Carly Juschka,cjuschkaeg@freewebs.com,6619914177,Gnojnik,
522,Drusi Bains,dbainseh@amazon.co.uk,1441194900,Omurtag,
523,Thibaut Walesa,twalesaei@surveymonkey.com,6645078198,Kungsör,Västmanland
524,Alard Healks,ahealksej@nps.gov,9354704922,Yuanqiao,
525,Berne Scargill,bscargillek@barnesandnoble.com,7926597599,Banjar Ponggang,
526,Ashlan Sephton,asephtonel@shinystat.com,6689249788,Kasese,
527,Perren Hulles,phullesem@sfgate.com,1094267596,San Silvestre,
528,Cynthie Tolcher,ctolcheren@chronoengine.com,9855694053,Kolmården,Östergötland
529,Hallsy Jancar,hjancareo@ucoz.com,5633147280,Stockholm,Stockholm
530,Crista Gladdifh,cgladdifhep@networksolutions.com,5449621267,Dartang,
531,Micah Pantridge,mpantridgeeq@craigslist.org,5312181379,Narutochō-mitsuishi,
532,Urban Zarfai,uzarfaier@merriam-webster.com,4482950649,El Cubolero,
533,Salli Churly,schurlyes@so-net.ne.jp,1845405478,Armenia,
534,Meggy Geillier,mgeillieret@dyndns.org,7821687031,Ḩammām Wāşil,
535,Raff Aspinall,raspinalleu@macromedia.com,2007549901,Barrosas,Porto
536,Anna-maria Bellenger,abellengerev@123-reg.co.uk,9964374226,Mangge,
537,Curcio Clubley,cclubleyew@businesswire.com,2458696911,Veltruby,
538,Ekaterina Kemston,ekemstonex@sciencedaily.com,4523422528,Leeuwarden,Provincie Friesland
539,Tildy Plampin,tplampiney@ustream.tv,8277061078,Bhola,
540,Thomas Brumham,tbrumhamez@parallels.com,5236523300,Bayside,
541,Tucky Adamini,tadaminif0@a8.net,2773972843,Kronoby,
542,Malena Britten,mbrittenf1@ibm.com,9238461418,Gravataí,
543,Carlo Chellam,cchellamf2@sakura.ne.jp,7611217023,Borzęta,
544,Melisent Whittock,mwhittockf3@google.de,4086136135,Donan,
545,Kizzie Tulloch,ktullochf4@shutterfly.com,4163428142,Maun,
546,Danna Antoniewski,dantoniewskif5@yellowpages.com,9203870337,Chongmin,
547,Lorri Hanne,lhannef6@sun.com,7216961743,Strzelce,
548,Carola Habbema,chabbemaf7@indiegogo.com,7798222194,Tabiauan,
549,Donella Grundy,dgrundyf8@nationalgeographic.com,5753969849,Heshui,
550,Angelica Harkus,aharkusf9@cbc.ca,9514049542,Daming,
551,Fernando Ghidotti,fghidottifa@istockphoto.com,5781035687,Balung,
552,Natka Skylett,nskylettfb@archive.org,9682678709,Eha Amufu,
553,Hartwell Stapleford,hstaplefordfc@hc360.com,3953611950,Aulnay-sous-Bois,Île-de-France
554,Reginauld Gillard,rgillardfd@google.com.au,8393560960,Vawkavysk,
555,Archambault Escala,aescalafe@phoca.cz,3957490995,Manga,
556,Sean Brittin,sbrittinff@prweb.com,6637474124,Yuchi,
557,Dollie Jacobovitch,djacobovitchfg@time.com,8575782702,Ubaitaba,
558,Patsy Bithell,pbithellfh@cafepress.com,6937418967,Guijalo,
559,Karmen Aikenhead,kaikenheadfi@google.es,2907011875,Cran-Gevrier,Rhône-Alpes
560,Michale Tomei,mtomeifj@loc.gov,5985732294,Inongo,
561,Kamilah Littlefield,klittlefieldfk@nih.gov,4042669345,Carregueira,Setúbal
562,Lin Constant,lconstantfl@discovery.com,1178014303,Macheng,
563,Yuri Eisenberg,yeisenbergfm@dailymail.co.uk,8145832860,Kalilu,
564,Dalt de Bullion,ddefn@blogtalkradio.com,2761389807,Rouen,Haute-Normandie
565,Judd Furneaux,jfurneauxfo@nature.com,7928135873,Couto,Braga
566,Mira Clines,mclinesfp@samsung.com,9049062252,Dimitrovgrad,
567,Nettie Cornes,ncornesfq@vkontakte.ru,1524166213,Cheongpyeong,
568,Louis Behnecken,lbehneckenfr@webeden.co.uk,1701362791,Chatian,
569,Juliane Newdick,jnewdickfs@lycos.com,5901492573,Kajuru,
570,Kalli Woodcraft,kwoodcraftft@miibeian.gov.cn,6549842014,Non Sung,
571,Marlow Keays,mkeaysfu@wufoo.com,4567474182,Pyt-Yakh,
572,Rosina Van der Kruijs,rvanfv@purevolume.com,8443932239,Linjiang,
573,Nerti Dunseath,ndunseathfw@goodreads.com,6655553657,Tegalrejo,
574,Nissie Goldwater,ngoldwaterfx@yale.edu,4143634614,Xiaolin,
575,Llywellyn Legonidec,llegonidecfy@bravesites.com,5194561629,Ljusdal,Gävleborg
576,Hazel Ravillas,hravillasfz@macromedia.com,7924511907,Bayt ‘Ūr at Taḩtā,
577,Barbette Vanderson,bvandersong0@nih.gov,9303928823,Panggungsari,
578,Vince Bowerbank,vbowerbankg1@si.edu,6862529186,Nogent-le-Rotrou,Centre
579,Haze Stienton,hstientong2@latimes.com,3558779508,Báguanos,
580,Jaynell Endecott,jendecottg3@bbb.org,8953138735,Sindang,
581,Germain Kilroy,gkilroyg4@goo.gl,1621160122,Rozhnyativ,
582,Andreas Scrivens,ascrivensg5@nationalgeographic.com,4094362538,Tirat Karmel,
583,Neysa Edgeller,nedgellerg6@domainmarket.com,8469194939,Vagonoremont,
584,Inesita Kettlestringes,ikettlestringesg7@vk.com,2948834978,Napnapan,
585,Sioux Francklyn,sfrancklyng8@pagesperso-orange.fr,8262494392,Kampot,
586,Sibella Arger,sargerg9@salon.com,8727199278,Tangqian,
587,Roy Grahame,rgrahamega@dot.gov,9052925312,Alangalang,
588,Donia Atwell,datwellgb@ask.com,1047644834,Nesterovskaya,
589,Filmer Heggie,fheggiegc@discovery.com,7409969909,Lutowiska,
590,Lorettalorna Chantrell,lchantrellgd@163.com,1626463548,La Victoria,
591,Danella Clark,dclarkge@163.com,2582816811,Celso Ramos,
592,Meredithe Figger,mfiggergf@whitehouse.gov,7465651135,Caspisapa,
593,Conrado Frearson,cfrearsongg@accuweather.com,8518256936,Belyayevka,
594,Luz Petrusch,lpetruschgh@desdev.cn,8241904262,Wysokie Mazowieckie,
595,Janot Tocher,jtochergi@soup.io,4678612466,Korosten’,
596,Ricky Tradewell,rtradewellgj@mapquest.com,2847290502,Huangyang,
597,Elmore Bruneau,ebruneaugk@engadget.com,2419071174,Khiliomódhi,
598,Orton Rushmere,orushmeregl@mashable.com,1743169298,Fengshan,
599,Patrizio Tracey,ptraceygm@elpais.com,9404785344,Angao,
600,Arturo Rattenbury,arattenburygn@nyu.edu,9347974282,Gaoqiao,
601,Brent Schrader,bschradergo@mac.com,1227106148,Shenzhengqiao,
602,Dave Jessup,djessupgp@zimbio.com,5074091121,Haramgai,
603,Roselin Crippes,rcrippesgq@123-reg.co.uk,8596949389,Finzes,Porto
604,Malvin Tabourel,mtabourelgr@myspace.com,1908018358,Danghara,
605,Addy Reddecliffe,areddecliffegs@newsvine.com,9284887491,Guansheng,
606,Timi Barttrum,tbarttrumgt@reference.com,1852208892,Guifeng,
607,Papageno Ratcliffe,pratcliffegu@newyorker.com,7857852830,Donggaocun,
608,Kyle Crackett,kcrackettgv@yandex.ru,9998165322,Pacobamba,
609,Kilian Monteath,kmonteathgw@oaic.gov.au,3661621782,Disūq,
610,Kelsey Buick,kbuickgx@tmall.com,1155958926,Nice,Provence-Alpes-Côte d'Azur
611,Derwin Rutter,druttergy@spotify.com,2535009274,Gaoping,
612,Ashby Oughton,aoughtongz@slate.com,2534042361,Pondokdalem,
613,Hernando Cowe,hcoweh0@surveymonkey.com,8724397401,Belica,
614,Starr Coopper,scoopperh1@howstuffworks.com,6771531130,Detchino,
615,Bing Deavin,bdeavinh2@nba.com,4696560535,Bira,
616,Bary Pilling,bpillingh3@hhs.gov,1869644297,Guzhu,
617,Kean Trotton,ktrottonh4@google.ca,9103714130,Zelenokumsk,
618,Demetre Pennells,dpennellsh5@jalbum.net,9866437799,Lewisporte,Newfoundland and Labrador
619,Honey Sear,hsearh6@last.fm,6564951991,Langensari,
620,Koenraad Harnetty,kharnettyh7@taobao.com,1046919289,Luokeng,
621,Terrie Fehely,tfehelyh8@gravatar.com,6346650676,Quezon,
622,Marcia Mc Coughan,mmch9@is.gd,3594049777,Ras al-Khaimah,
623,Ginevra Nickolls,gnickollsha@issuu.com,7721161994,Yeliguan,
624,Tulley Cocks,tcockshb@prnewswire.com,6047019343,Öldziyt,
625,Andy Frosch,afroschhc@sciencedirect.com,5185437358,Frýdlant,
626,Mead Estabrook,mestabrookhd@printfriendly.com,8863865233,Dongbatu,
627,Davina Moston,dmostonhe@bbb.org,6177311662,Gangnan,
628,Phyllis Han,phanhf@nifty.com,4776981345,Ekenäs,
629,Erin Dubbin,edubbinhg@tamu.edu,1762792162,Rio Branco do Sul,
630,Hadley Cowlin,hcowlinhh@opera.com,6994382721,Huangni,
631,Huberto Stother,hstotherhi@merriam-webster.com,8866015935,Puerto Cumarebo,
632,Felicia Pumphreys,fpumphreyshj@linkedin.com,5369948760,Pasiraman,
633,Elyn Turl,eturlhk@domainmarket.com,4908503459,Nishinomiya-hama,
634,Cthrine Bruno,cbrunohl@epa.gov,4114351042,Angol,
635,Cynthie Cossington,ccossingtonhm@illinois.edu,1131648190,Udon Thani,
636,Sigismond Armes,sarmeshn@reddit.com,9965424402,Mozdok,
637,Mortimer Jayume,mjayumeho@tuttocitta.it,8631328709,Sokolovo,
638,Luce Alessandone,lalessandonehp@bizjournals.com,2541122355,Iralaya,
639,Lorilee Curryer,lcurryerhq@washingtonpost.com,1101917000,Le Mans,Pays de la Loire
640,Marice Heiton,mheitonhr@dyndns.org,4519876332,Amiens,Picardie
641,Germana Bruford,gbrufordhs@cdbaby.com,1012107518,Xianning,
642,Boot Millmore,bmillmoreht@cafepress.com,3393927157,Brejo da Madre de Deus,
643,Abbie Stain,astainhu@jigsy.com,9316230289,Matsudo,
644,Lexis McGerr,lmcgerrhv@github.io,7087349193,Sevilla,Andalucia
645,Vonny Scawton,vscawtonhw@posterous.com,8861329525,Chitose,
646,Nellie Zienkiewicz,nzienkiewiczhx@seattletimes.com,1206961380,Shenji,
647,Barnard Mower,bmowerhy@newsvine.com,6142415729,Jamālpur,
648,Wilfrid Eldrett,weldretthz@buzzfeed.com,4804065736,Ciranca Satu,
649,Pavia Du Plantier,pdui0@theglobeandmail.com,7539471786,Jambuwerkrajan,
650,Ciro Reyna,creynai1@reuters.com,2867682842,Upper San Mateo,
651,Kirsti Welbourn,kwelbourni2@google.es,4483990565,Bayanan,
652,Austine Paybody,apaybodyi3@e-recht24.de,8649014562,Nong Muang Khai,
653,Andrew Cammomile,acammomilei4@ebay.com,4144989920,Bergen,Hordaland
654,Erv Merchant,emerchanti5@homestead.com,7813812288,Ivanteyevka,
655,Crawford Lyster,clysteri6@cpanel.net,1024296862,Białogard,
656,Cornie Challener,cchalleneri7@technorati.com,3358038897,Bieliny,
657,Clint Headrick,cheadricki8@redcross.org,9318152657,Fálanna,
658,Charlena Issac,cissaci9@bloomberg.com,4303003893,Đắk Mil,
659,Webster Curneen,wcurneenia@prnewswire.com,4782401206,Manzil Bū Zalafah,
660,Trumann Ouldred,touldredib@baidu.com,7767261882,Santa María Ixhuatán,
661,Stefa Racher,sracheric@mac.com,7042455720,Tombu,
662,Mattie Huyton,mhuytonid@sun.com,3231315387,Ilyich,
663,Kristoffer Minci,kminciie@google.ca,3234970038,Xingyi,
664,Caressa Dilger,cdilgerif@usnews.com,8532372736,Pont-Audemer,Haute-Normandie
665,Llywellyn Dorow,ldorowig@examiner.com,1717101129,Pingyang,
666,Jori Mc Kellen,jmcih@stumbleupon.com,9045467233,La Cuesta,
667,Marcelo Noades,mnoadesii@mail.ru,6381070034,San Sebastián de Yalí,
668,Amity Morfell,amorfellij@msn.com,9151251563,Rio Grande da Serra,
669,Emalia Szepe,eszepeik@unblog.fr,6653279725,Cértegui,
670,Damara Rosenkrantz,drosenkrantzil@odnoklassniki.ru,7845557733,Tudela,
671,Ezmeralda Worley,eworleyim@ca.gov,9773235112,Laguna Limpia,
672,Shir Iacobetto,siacobettoin@360.cn,5555070439,Zaplavnoye,
673,Armand Dingsdale,adingsdaleio@skyrock.com,6174939147,Boston,Massachusetts
674,Galvan Kiggel,gkiggelip@uiuc.edu,7111055986,Alubijid,
675,Linoel Clemintoni,lclemintoniiq@house.gov,3006191524,Maloma,
676,Ode Buffin,obuffinir@exblog.jp,4177162537,Yangxiang,
677,Zebulen Blain,zblainis@hc360.com,8118840969,Henglin,
678,Halie Gwin,hgwinit@purevolume.com,2096193070,Bang Bo District,
679,Paloma Grigolli,pgrigolliiu@flickr.com,2501473636,Sayang Lauq,
680,Lalo Tomenson,ltomensoniv@ning.com,1227621033,Anuling,
681,Marilyn Lillee,mlilleeiw@pagesperso-orange.fr,7631524410,Goujie,
682,Andrei Cappleman,acapplemanix@fda.gov,2356461602,Чегране,
683,Natala Guilder,nguilderiy@dailymail.co.uk,7701201378,Pictou,Nova Scotia
684,Phylys Janca,pjancaiz@hhs.gov,2903379686,Jimo,
685,Rosemarie Le Brum,rlej0@admin.ch,9826379707,Thoen,
686,Gifford Atwater,gatwaterj1@miibeian.gov.cn,7518177698,Berlin,Berlin
687,Eduardo Ovitts,eovittsj2@pagesperso-orange.fr,6623772942,Maswa,
688,Chrysa Tosdevin,ctosdevinj3@linkedin.com,2692875624,Uruçuca,
689,Maddalena Orviss,morvissj4@tumblr.com,6768303078,Taltal,
690,Amie Colleck,acolleckj5@wikispaces.com,1359729137,Ţūlkarm,
691,Sandra Soggee,ssoggeej6@fda.gov,2776089004,Baturaja,
692,Harriot Stubbley,hstubbleyj7@sciencedaily.com,9052826355,Jinnan,
693,Annnora Biner,abinerj8@usnews.com,2698204626,Baishui,
694,Cassandra Davids,cdavidsj9@google.co.jp,3782074780,Działoszyce,
695,Van Gable,vgableja@sphinn.com,8146257526,Horlivka,
696,Sherwynd Reuble,sreublejb@hp.com,6765508578,Staraya Stanitsa,
697,Rianon Pechan,rpechanjc@wix.com,4058285707,Baloc,
698,Cilka Tempest,ctempestjd@barnesandnoble.com,4903440956,Mafraq,
699,Alvira Jillins,ajillinsje@mac.com,4527565828,Aguiar da Beira,Guarda
700,Bartel Dumphry,bdumphryjf@bbc.co.uk,8808996563,Yucheng,
701,Judie Beteriss,jbeterissjg@goodreads.com,5418189606,Bamban,
702,Lenee Richardt,lrichardtjh@uiuc.edu,2294565386,Mallawī,
703,Marie-jeanne O'Coskerry,mocoskerryji@t.co,6206844860,Unquillo,
704,Correna Antognazzi,cantognazzijj@slashdot.org,1803771236,Jönköping,Jönköping
705,Cristi Antonoyev,cantonoyevjk@ucoz.ru,3193128199,San Antonio Aguas Calientes,
706,Raphaela Whorlow,rwhorlowjl@istockphoto.com,4254138527,Jaro,
707,Andreana Greening,agreeningjm@nasa.gov,1643620980,Dashi,
708,Georgette Jerzycowski,gjerzycowskijn@twitter.com,1284231724,Karpogory,
709,Burk Rahl,brahljo@quantcast.com,5917006789,Zamora,Castilla - Leon
710,Catina Selliman,csellimanjp@imdb.com,1959710005,Zongluzui,
711,Lambert Burndred,lburndredjq@opensource.org,1011382651,Rožďalovice,
712,Aubrie Severs,aseversjr@arizona.edu,3612605647,Vilcún,
713,Sheryl Knotte,sknottejs@sina.com.cn,2183142835,Tilamuta,
714,Joana Maidstone,jmaidstonejt@zdnet.com,2163000772,Tanahgrogot,
715,Klement Sunley,ksunleyju@usa.gov,7829539228,Jianzhatan,
716,Adolpho Sloane,asloanejv@nbcnews.com,2289316755,Baoshui,
717,Calvin Wind,cwindjw@bandcamp.com,8669955386,Yallahs,
718,Mavis Courtman,mcourtmanjx@booking.com,6485361014,Anhua Daying,
719,Angil Priden,apridenjy@tumblr.com,2839258269,Bylym,
720,Courtney Grundy,cgrundyjz@1688.com,5678674852,Радишани,
721,Normie Felgate,nfelgatek0@taobao.com,6717887118,Chekmagush,
722,Dmitri Youson,dyousonk1@imgur.com,6232845140,Independencia,Coahuila De Zaragoza
723,Alessandra Hartnell,ahartnellk2@patch.com,4279809978,Mingjing,
724,Roley Mathiot,rmathiotk3@youtube.com,8926829640,Żarnów,
725,Elvin Allcorn,eallcornk4@squarespace.com,5706332837,Luofang,
726,Alard Perritt,aperrittk5@pagesperso-orange.fr,6614964764,Igoumenítsa,
727,Gennifer Muslim,gmuslimk6@irs.gov,2055839543,Chengnan,
728,Rudiger Hoppner,rhoppnerk7@seesaa.net,1026902848,Halayhay,
729,Tandie Camillo,tcamillok8@skyrock.com,2822585509,Thung Khru,
730,Cacilia Feavyour,cfeavyourk9@timesonline.co.uk,6875627069,Itaquaquecetuba,
731,Britteny Biesinger,bbiesingerka@loc.gov,3077529739,Duobaoshan,
732,Walliw Zorer,wzorerkb@fda.gov,9775367703,Morshansk,
733,Danika Datte,ddattekc@mysql.com,3966618764,Mondlo,
734,Elmore Baxster,ebaxsterkd@statcounter.com,8724575298,Dongling,
735,Hertha Proger,hprogerke@vkontakte.ru,5988229797,Ochakiv,
736,Jorrie Kerry,jkerrykf@fc2.com,5905978056,Shuanghe,
737,Gorden Dufour,gdufourkg@multiply.com,2253956879,Bantarjati,
738,Trix Daily,tdailykh@symantec.com,3774575788,Dengfang,
739,Daile Penreth,dpenrethki@flickr.com,2762521120,Rio do Sul,
740,Babbette McLinden,bmclindenkj@edublogs.org,9129324125,Vysehrad,
741,Hastings Bagwell,hbagwellkk@eventbrite.com,9401016521,Gambut,
742,Lonnie Spofford,lspoffordkl@pen.io,1535999870,Yanacancha,
743,Ruby Axon,raxonkm@yellowbook.com,6701468327,Carman,Manitoba
744,Ricki Anniwell,ranniwellkn@weather.com,2218533290,Węgorzyno,
745,Ali Panchen,apanchenko@economist.com,7786456431,Renyi,
746,Steffie Waleran,swalerankp@fotki.com,9951609259,Peer,
747,Maddalena Bloxsom,mbloxsomkq@zimbio.com,4771282641,Cimanggu,
748,Lion Shankle,lshanklekr@amazon.co.jp,9162737109,Providencia,
749,Colly Hadlington,chadlingtonks@java.com,5652367092,Sukawaris,
750,Nollie Wrinch,nwrinchkt@stanford.edu,8919157304,Ryazhsk,
751,Nickolai M'Quharge,nmquhargeku@sfgate.com,6771059251,Raga,
752,Thayne Moss,tmosskv@buzzfeed.com,6972647995,Moju,
753,Grethel Mackieson,gmackiesonkw@elpais.com,5475871551,Wolonio,
754,Aubry Gallard,agallardkx@dropbox.com,9131692654,Phibun Mangsahan,
755,Quillan Melbourne,qmelbourneky@whitehouse.gov,4861002475,Edéa,
756,Lorrie Jehan,ljehankz@bloglines.com,1447515339,Monasterevin,
757,Iggy MacLucais,imaclucaisl0@parallels.com,7572187225,Isugod,
758,Gilbertine Bentke,gbentkel1@typepad.com,5831467320,Treinta y Tres,
759,Reinhold Krugmann,rkrugmannl2@sphinn.com,4842557604,Hang Dong,
760,Boris Curzey,bcurzeyl3@discuz.net,1486860940,Rydułtowy,
761,Ludovico Parkey,lparkeyl4@g.co,2489292476,Hejiayan,
762,Colman Carnelley,ccarnelleyl5@ca.gov,1977361662,Sibreh,
763,Edouard Osmint,eosmintl6@samsung.com,2285103506,Neiba,
764,Lydon Ambrosoni,lambrosonil7@google.ca,5349202466,Weixin,
765,Estrella Di Boldi,edil8@irs.gov,1632114431,Kandangsapi,
766,Cindelyn Faltskog,cfaltskogl9@mashable.com,5668575324,Maria Aurora,
767,Burgess Vice,bvicela@merriam-webster.com,2285958438,Üydzen,
768,Merci Hutcheons,mhutcheonslb@amazon.de,1343874627,Banjar Desa,
769,Amble Arndtsen,aarndtsenlc@mail.ru,8645577338,Kolonnawa,
770,Barbee Fincham,bfinchamld@wix.com,9305645307,Piraí,
771,Rubie Roget,rrogetle@wix.com,3792312440,Shuangxi,
772,Haywood Burgon,hburgonlf@va.gov,2367354273,Donetsk,
773,Roth Kinrade,rkinradelg@edublogs.org,2557978385,Koni-Djodjo,
774,Adams Nutton,anuttonlh@delicious.com,7835900652,Bordeaux,Aquitaine
775,Quillan Adamoli,qadamolili@digg.com,3411814232,Yingpu,
776,Randi Sisse,rsisselj@sogou.com,8877605448,Mengdadazhuang,
777,Mollee Zanolli,mzanollilk@archive.org,5546419366,Cabaiguán,
778,Lyle MacKessock,lmackessockll@clickbank.net,4282204115,Moravče,
779,Augustus Guslon,aguslonlm@slideshare.net,1732139648,Stylída,
780,Cesare Millhouse,cmillhouseln@drupal.org,1362990458,Jinping,
781,Lane Bennie,lbennielo@ow.ly,3961771206,Eha Amufu,
782,Ron Blasgen,rblasgenlp@mozilla.com,2957042299,Aoji-ri,
783,Vite Harbar,vharbarlq@canalblog.com,1847041029,Jinqiao,
784,Madelene Jedraszczyk,mjedraszczyklr@macromedia.com,8019524405,Salt Lake City,Utah
785,Robinett Kemwal,rkemwalls@slate.com,1548915932,Ipaba,
786,Kaitlyn Wynter,kwynterlt@artisteer.com,8108511187,Krasnyy Oktyabr’,
787,Phip Faragher,pfaragherlu@nba.com,2391660882,Gračac,
788,Jacquette Monument,jmonumentlv@sciencedirect.com,1323881559,Tsurusaki,
789,Gibb Clearie,gclearielw@guardian.co.uk,6556919122,Zhifudao,
790,Hilly Hubbard,hhubbardlx@printfriendly.com,7445131381,Forbach,Lorraine
791,Lorri Blackhurst,lblackhurstly@google.fr,9041380258,Aţ Ţawīlah,
792,Ogdan Martin,omartinlz@goodreads.com,4989459526,Чучер - Сандево,
793,Rayna Fawdery,rfawderym0@godaddy.com,9679481007,Wootton,England
794,Rosette Hasselby,rhasselbym1@histats.com,1147285914,Landázuri,
795,Aldus Shuttleworth,ashuttleworthm2@bigcartel.com,7134606833,Cayambe,
796,Andrus Aland,aalandm3@msn.com,3929890462,Várzea Paulista,
797,Ives Wenderott,iwenderottm4@dedecms.com,7154577910,Chengbei,
798,Claiborn Jellman,cjellmanm5@economist.com,9599484657,La Caleta Culebras,
799,Tasha Whitehall,twhitehallm6@bigcartel.com,8311673034,Corral,
800,Marybeth Custed,mcustedm7@barnesandnoble.com,8594172830,Ecroignard,
801,Ania Ert,aertm8@comcast.net,8036861669,Fuling,
802,Corenda Dreger,cdregerm9@harvard.edu,3519343178,Migues,
803,Rayshell Britian,rbritianma@homestead.com,2878371219,Garwolin,
804,Fax Springate,fspringatemb@linkedin.com,2265235575,Sibulan,
805,Alan Larcier,alarciermc@nydailynews.com,3997627531,Savigny-le-Temple,Île-de-France
806,Virgie Braley,vbraleymd@vkontakte.ru,4695712679,Shāhīn Dezh,
807,Claudianus Eastes,ceastesme@deliciousdays.com,6513094189,Dadus,
808,Jennifer Phethean,jphetheanmf@amazon.co.uk,6609226460,Qikeshu,
809,Carine Madders,cmaddersmg@jimdo.com,1227861235,Long Loreh,
810,Mirelle Ordelt,mordeltmh@imgur.com,1982824028,Slavonice,
811,Elroy Maroney,emaroneymi@unblog.fr,2135535396,Beiwa,
812,Palm Northfield,pnorthfieldmj@drupal.org,7843011634,Ribeira Grande,
813,Leonore Tedahl,ltedahlmk@squarespace.com,6117834324,Smilavichy,
814,Aridatha Attridge,aattridgeml@archive.org,3468251096,Bieligutai,
815,Alma Venart,avenartmm@odnoklassniki.ru,5995685168,Croix,Nord-Pas-de-Calais
816,Berry Hainge,bhaingemn@discuz.net,5919710970,La Rochelle,Poitou-Charentes
817,Maxy Haysey,mhayseymo@miibeian.gov.cn,3625480258,Kafr az Zayyāt,
818,Tonie Robichon,trobichonmp@t-online.de,5336378888,Yaroslavskiy,
819,Jeniece Manoch,jmanochmq@so-net.ne.jp,7517447483,Idenao,
820,Gardner Dredge,gdredgemr@wufoo.com,4847668763,Xiaxi,
821,Gerrie Demko,gdemkoms@tinyurl.com,5393308915,Varberg,Halland
822,Paolo Eliasson,peliassonmt@aboutads.info,7035875272,Manolás,
823,Pete Jordin,pjordinmu@scientificamerican.com,2717154331,Melun,Île-de-France
824,Siffre Thoumas,sthoumasmv@friendfeed.com,9254618678,Cajuru,
825,Nancee Heales,nhealesmw@ycombinator.com,4085264871,Blois,Centre
826,Jody Mc Menamin,jmcmx@reference.com,6144210700,Gaohu,
827,Nil Bertholin,nbertholinmy@google.fr,4389031187,Capâo Bonito,
828,Verge Rome,vromemz@last.fm,2843805307,Murakami,
829,Claudell Dobson,cdobsonn0@go.com,5642671193,Nieszawa,
830,Berk Najera,bnajeran1@spiegel.de,4234566511,Bol’shoye Selo,
831,Maddie Skews,mskewsn2@webeden.co.uk,1715890565,Qixian,
832,Clarice Grier,cgriern3@amazon.com,7001529500,Banī Suwayf,
833,Norry Varley,nvarleyn4@amazon.de,8778377266,Xikou,
834,Joelynn Elcock,jelcockn5@smh.com.au,8067901638,Krajan Nglinggis,
835,Orrin Garahan,ogarahann6@aboutads.info,5441519227,Naifaru,
836,Tawnya Wildblood,twildbloodn7@wikimedia.org,8106799302,Banjar Pasekan,
837,Carter Stuke,cstuken8@wsj.com,9513687496,Tembeling,
838,Ingamar Guierre,iguierren9@senate.gov,8939235910,Donghai,
839,Washington Farrans,wfarransna@infoseek.co.jp,5081837629,Sanxi,
840,Lucille Angelo,langelonb@yellowpages.com,7759834230,Sel’tso,
841,Ofilia Dael,odaelnc@sourceforge.net,5701544988,Raduzhnyy,
842,Gerome Seman,gsemannd@friendfeed.com,2653550841,Bisert’,
843,Franzen Kanter,fkanterne@nymag.com,3059823072,Camaligan,
844,Laurens Bresson,lbressonnf@digg.com,4814626997,Liyang,
845,Jourdan Aldred,jaldredng@nps.gov,8665276110,Guilhabreu,Porto
846,Sammy Hylden,shyldennh@sciencedaily.com,1537287726,Valença do Piauí,
847,Samaria McGraffin,smcgraffinni@google.pl,9798798564,Potok Złoty,
848,Bryanty Mirams,bmiramsnj@dell.com,9774445913,As Saddah,
849,Lay Mishaw,lmishawnk@washington.edu,6268872040,Liuli,
850,Saree Fransman,sfransmannl@kickstarter.com,3234156280,Lavras da Mangabeira,
851,Wadsworth Jouandet,wjouandetnm@w3.org,3199548809,Kavásilas,
852,Constancy Summerskill,csummerskillnn@europa.eu,1028991532,Masuguru,
853,Julieta Kubecka,jkubeckano@wired.com,2765315744,Manakara,
854,Kelwin Whitland,kwhitlandnp@ftc.gov,5218969191,Totness,
855,Thorpe Youster,tyousternq@baidu.com,8705990858,Áyios Vasílios,
856,Dalt Monkley,dmonkleynr@twitter.com,2114063025,Bayshint,
857,Abagail Antonelli,aantonellins@smh.com.au,3686477117,Cam Ranh,
858,Denice Kohn,dkohnnt@wired.com,1822746609,Piura,
859,Fredia Alliband,fallibandnu@ifeng.com,9945405224,Xieshui,
860,Luise Pert,lpertnv@bigcartel.com,4235671133,Hualong,
861,Nappie Van Merwe,nvannw@bbc.co.uk,3498052780,Pilluana,
862,Vivyanne Endrighi,vendrighinx@constantcontact.com,6453147446,Stanisław Dolny,
863,Cori Beste,cbesteny@wired.com,6207715569,San Pedro One,
864,Lydie Cassam,lcassamnz@irs.gov,5123582188,Tibro,Västra Götaland
865,Lela Corbert,lcorberto0@marriott.com,2963057395,Jinhe,
866,Ryley Pantin,rpantino1@wikispaces.com,8519137098,Jardoeira,Leiria
867,Chad Creeghan,ccreeghano2@newsvine.com,6575588261,Longping,
868,Byran Richings,brichingso3@vk.com,5703273011,Pivovarikha,
869,Robinson Toping,rtopingo4@rediff.com,7991653293,Fundong,
870,Neils Castellan,ncastellano5@plala.or.jp,1605522060,Viangxai,
871,Rickie Moberley,rmoberleyo6@whitehouse.gov,1478434475,Erdaojiang,
872,Pierrette Ipsley,pipsleyo7@themeforest.net,7294906651,Songgang,
873,Sauveur Andric,sandrico8@nymag.com,2553859729,Mutangyuan,
874,Letitia Waterhouse,lwaterhouseo9@admin.ch,9576154042,Vila Verde,Coimbra
875,Hort Bignall,hbignalloa@topsy.com,8473365920,Sena Madureira,
876,Reiko Ramalhete,rramalheteob@nytimes.com,1753564923,Seupakat,
877,Randal Houdhury,rhoudhuryoc@myspace.com,4924164601,Khudoyelanskoye,
878,Serge Bassett,sbassettod@feedburner.com,2852247713,Lapuz,
879,Mychal Janatka,mjanatkaoe@apple.com,8758399102,Ebu,
880,Maggi Orleton,morletonof@msn.com,8851686486,Gelap,
881,Allene Batting,abattingog@surveymonkey.com,7928874377,Lomma,Skåne
882,Shantee McKerrow,smckerrowoh@bizjournals.com,2264774959,Toyokawa,
883,Gal Brugemann,gbrugemannoi@time.com,9855933982,Taganskiy,
884,Felipa Mettericke,fmetterickeoj@hao123.com,9892907157,Nielisz,
885,Elga Twyford,etwyfordok@com.com,7655948521,Chełm,
886,Etienne Verdun,everdunol@nature.com,5209463643,Orlândia,
887,Dalton Cousins,dcousinsom@tinyurl.com,6714421114,Ampeleíes,
888,Ernestus Lickess,elickesson@trellian.com,5503787152,Nianyushan,
889,Beckie Malinson,bmalinsonoo@discuz.net,8705243055,Pertunmaa,
890,Clemence Guppey,cguppeyop@instagram.com,9085041820,Quintã,Braga
891,Haily Scholler,hscholleroq@telegraph.co.uk,8752920481,Boyang,
892,Shina Alesbrook,salesbrookor@opera.com,1552364246,Laoag,
893,Wyn Aleshintsev,waleshintsevos@shutterfly.com,3554665039,Tafraout,
894,Cherida Oade,coadeot@so-net.ne.jp,1983276057,Bonneuil-sur-Marne,Île-de-France
895,Tom Kettlestringes,tkettlestringesou@walmart.com,2211922693,Camp Thorel,
896,Minna Gerard,mgerardov@creativecommons.org,4255688816,Dalang,
897,Germain Faircliff,gfaircliffow@webnode.com,6933489471,At Tāj,
898,Sidney Caseley,scaseleyox@odnoklassniki.ru,5507408340,Castilla,
899,Rollie Zealy,rzealyoy@google.ca,4536695375,Wagini,
900,Luther Lumsdaine,llumsdaineoz@ustream.tv,9024437589,Blarney,
901,Fredi Longhorn,flonghornp0@mysql.com,4075533383,Chixi,
902,Vittoria Mills,vmillsp1@hp.com,1779076363,Majāz al Bāb,
903,Ivonne Arkle,iarklep2@blogtalkradio.com,7253794464,Bla,
904,Jewelle Koubu,jkoubup3@yahoo.com,3086602648,Untolovo,
905,Lenette Jeanenet,ljeanenetp4@pen.io,6588550982,Molde,More og Romdal
906,Juliette Buscher,jbuscherp5@nydailynews.com,4013905017,Wonodadi,
907,Collete Kondrachenko,ckondrachenkop6@businessweek.com,2174370006,Vostryakovo,
908,Lilli Iacopini,liacopinip7@psu.edu,4085502831,Muñoz East,
909,Fee Bownd,fbowndp8@drupal.org,7278176482,Hongmiao,
910,Donnajean Madgwick,dmadgwickp9@unblog.fr,9485419629,Almolonga,
911,Cameron Breese,cbreesepa@etsy.com,8585485952,Ústí nad Orlicí,
912,Jamil Reside,jresidepb@moonfruit.com,2163220697,Tangxian,
913,Stefan Thewlis,sthewlispc@free.fr,9145307436,Shiogama,
914,Danice Ousbie,dousbiepd@goo.gl,8589195856,Barkā’,
915,Griffy Feakins,gfeakinspe@feedburner.com,5646727571,Pangtangis Dajah,
916,Virgie Negri,vnegripf@dell.com,4285515768,Douz,
917,Livia Haggas,lhaggaspg@symantec.com,9006678014,Xishanzui,
918,Myron Josham,mjoshamph@umn.edu,7597232933,Mawlamyinegyunn,
919,Arvin Beverley,abeverleypi@tmall.com,3933530794,Karlskrona,Blekinge
920,Dionysus Arunowicz,darunowiczpj@mediafire.com,1314241001,Huixian Chengguanzhen,
921,Marilin Kobpal,mkobpalpk@yahoo.com,3597865383,Bořetice,
922,Saxe Yurshev,syurshevpl@weather.com,5061402159,Caparrapí,
923,Issiah Keen,ikeenpm@yellowpages.com,4334043988,Qijiang,
924,Row Georges,rgeorgespn@hp.com,5992553157,Laon,Picardie
925,Karie Swan,kswanpo@google.fr,6541118556,Huyuan,
926,Erie Seward,esewardpp@simplemachines.org,1152913877,Pengbu,
927,Hervey Dewes,hdewespq@cyberchimps.com,2892341443,Poste du Lac,
928,Kitti Garrattley,kgarrattleypr@digg.com,8311121208,Pires do Rio,
929,Allard Bridgwood,abridgwoodps@skyrock.com,2364450207,Miguel Hidalgo,Tamaulipas
930,Carey Longmate,clongmatept@infoseek.co.jp,8941832729,Estrada,Porto
931,Juanita Smolan,jsmolanpu@slate.com,1178263614,Nelson,
932,Rosaline Judron,rjudronpv@stanford.edu,4689180572,San Lorenzo,
933,Seana Orrobin,sorrobinpw@friendfeed.com,8032727565,Angus,Ontario
934,Hartwell Hamblyn,hhamblynpx@nps.gov,1038464956,Puerto Castilla,
935,Valentina Wrotham,vwrothampy@spotify.com,2458676364,Iwamizawa,
936,Dew McKeney,dmckeneypz@multiply.com,4776381892,Port Said,
937,Bastien Stiling,bstilingq0@tinyurl.com,1028061856,Montpellier,Languedoc-Roussillon
938,Tadeo Torr,ttorrq1@livejournal.com,8063870072,København,Region Hovedstaden
939,Hussein Strain,hstrainq2@tumblr.com,2355458737,Batou,
940,Garth Daish,gdaishq3@ebay.com,9071108438,Vito,
941,Noel Gronaller,ngronallerq4@blogger.com,5688966640,Pisões,Santarém
942,Rosaline Quenell,rquenellq5@dion.ne.jp,9028190686,Cipicung Timur,
943,Care Shrimpton,cshrimptonq6@army.mil,9575046558,Tangga’an,
944,Janene Skillicorn,jskillicornq7@shinystat.com,7154577741,Xiema,
945,Corrianne Eam,ceamq8@ihg.com,3504573364,Domašinec,
946,Lorrin McAlinion,lmcalinionq9@theatlantic.com,7423100461,Jindřichův Hradec,
947,Perri Westwell,pwestwellqa@psu.edu,9473251528,Hekou,
948,Reginauld Cerith,rcerithqb@sina.com.cn,6571240446,Burao,
949,Roch Alaway,ralawayqc@miitbeian.gov.cn,1219048470,Buayan,
950,Carlotta Chatwood,cchatwoodqd@washingtonpost.com,6363365892,Karasgede,
951,Jelene Gater,jgaterqe@tamu.edu,8258543292,Oster,
952,Ivette Sproule,isprouleqf@diigo.com,4562558420,Presa,Coimbra
953,Isacco Berriball,iberriballqg@bloglovin.com,9355865649,Thun,Kanton Bern
954,Padraig Asp,paspqh@github.io,5022244932,Synya,
955,Yorker Goreway,ygorewayqi@twitter.com,3276966737,Vigan,
956,Hort Pharro,hpharroqj@yahoo.com,2333933495,Cotabambas,
957,Rachael Draaisma,rdraaismaqk@flavors.me,6565250839,Melun,Île-de-France
958,Joannes Dandy,jdandyql@dyndns.org,6074905580,Miedzichowo,
959,Nelli Rodolf,nrodolfqm@yandex.ru,2767780414,Sambilawang,
960,Suzann Dibson,sdibsonqn@reuters.com,7584250864,Caringin Lor,
961,Granger Bestwall,gbestwallqo@geocities.jp,9296694557,Courelas Bravas,Setúbal
962,Raychel Hincks,rhincksqp@washingtonpost.com,4645131067,Yanwukou,
963,Derward McGorman,dmcgormanqq@g.co,2862378832,Caacupé,
964,Regina Abrahmer,rabrahmerqr@kickstarter.com,3951351276,Colonia Mauricio José Troche,
965,Winifield Tupman,wtupmanqs@wunderground.com,4098073969,København,Region Hovedstaden
966,Zarah Fidal,zfidalqt@dot.gov,7447437950,Aygezard,
967,Carson Rosten,crostenqu@dedecms.com,8222449983,Pasanggrahan,
968,Lothaire Dionsetti,ldionsettiqv@blogspot.com,9949936807,Athmuqam,
969,Karlotta Berzin,kberzinqw@cbc.ca,8949121963,Sucre,
970,Alvan Dannatt,adannattqx@ovh.net,7845256925,Oguma,
971,Humfrid Stripp,hstrippqy@epa.gov,3212441244,Sapu Padidu,
972,Maddie Algie,malgieqz@msu.edu,1391801130,Hikari,
973,Pauly Sleicht,psleichtr0@baidu.com,7651129180,Veracruz,
974,Phaedra Tigwell,ptigwellr1@ebay.com,4644219741,Tomé,
975,Eva Rodriguez,erodriguezr2@cloudflare.com,2065437953,Hucun,
976,Christabella O'Rudden,coruddenr3@paypal.com,2592164392,Pedraza,
977,Winifred Van Niekerk,wvanr4@artisteer.com,2714758685,São Pedro do Estoril,Lisboa
978,Erika Grishelyov,egrishelyovr5@free.fr,6676028297,Poja,
979,Vinny Stansbie,vstansbier6@purevolume.com,8727977447,Makoba,
980,Lurleen Rattray,lrattrayr7@bigcartel.com,9384591171,Maszkienice,
981,Mildrid Maginot,mmaginotr8@newsvine.com,1848164262,Cihambali,
982,Joly Chrisp,jchrispr9@foxnews.com,2572444384,Myeik,
983,Barnett Tousey,btouseyra@skyrock.com,2829662098,Longquan,
984,Barron Beardsley,bbeardsleyrb@soup.io,2692398891,Bielefeld,Nordrhein-Westfalen
985,Cindelyn Chidlow,cchidlowrc@acquirethisname.com,1255920883,Tuanjie,
986,Mireille Averies,maveriesrd@washington.edu,5738170514,Fairview,Alberta
987,Kaylee Seaking,kseakingre@ucoz.ru,3926280946,Rongdoi,
988,Toddy Cant,tcantrf@rediff.com,4949660366,Zhuhe,
989,Abigale Henri,ahenrirg@devhub.com,8169711141,Bugo,
990,Tiebold Vallentine,tvallentinerh@rambler.ru,8808036850,Coihaique,
991,Mace Rowen,mrowenri@gmpg.org,8786192947,Marbel,
992,Joela Link,jlinkrj@4shared.com,7795687763,Alor Setar,Kedah
993,Tessa Shadrach,tshadrachrk@cyberchimps.com,2668855569,Nabīnagar,
994,Ronnie Alwin,ralwinrl@freewebs.com,1671724281,Xiaocheng,
995,Hollyanne Addison,haddisonrm@delicious.com,2886543603,Sintra,Lisboa
996,Gabriel Darwood,gdarwoodrn@opera.com,2262324847,Nakło nad Notecią,
997,Stanfield Ayerst,sayerstro@microsoft.com,4676615408,Strasbourg,Alsace
998,Malory Dumpleton,mdumpletonrp@usda.gov,3096532957,Seixas do Douro,Guarda
999,Daisey Redmond,dredmondrq@wired.com,9535084658,Volgo-Kaspiyskiy,
1000,Wren Poxon,wpoxonrr@cisco.com,1872324448,Beringovskiy,
